<?xml version="1.0" ?>
<configuration>
    <!--  
	<blockgradientcolor>0x006100,0x3c8000,0x6ba100,0xa4c400,0xdfeb00,0xffea00,0xffbb00,0xff9100,0xff6200,0xff2200</blockgradientcolor>
     -->
     
<!-- 
	<blockgradientcolor>0x006100,0x6ba100,0xa4c400,0xffea00,0xff9100,0xff6200</blockgradientcolor>
	 -->
	<blockgradientcolor>0xFFE7BA,0xFFA07A,0xEE9A49,0xEE3B3B,0x8B0000</blockgradientcolor>
	<!--  
	<blockgradientcolor2>0x87CEEB,0x76EEC6,0xB0E0E6,0xD8BFD8,0xE9967A,0xF08080</blockgradientcolor2>
	-->
	<blockgradientcolor2>0x66ccff,0x0066cc,0x0000cc,0x000099,0x000066</blockgradientcolor2>
 	<blockgradientcolor3>0x98FB98,0x9BCD9B,0x9AC0CD,0xffea00,0xBC8F8F,0xCD4F39</blockgradientcolor3>
</configuration>