<?xml version="1.0" ?>
<configuration>
	<XZQM>
		<ds>
    <ID>1</ID>
    <COUNTRY_NAME>颛桥镇</COUNTRY_NAME>
    <CODE>311206</CODE>
    <REGION_NAME>闵行区</REGION_NAME>
    <REGION_CODE>3112</REGION_CODE>
  </ds>
  <ds>
    <ID>2</ID>
    <COUNTRY_NAME>漕泾镇</COUNTRY_NAME>
    <CODE>311609</CODE>
    <REGION_NAME>金山区</REGION_NAME>
    <REGION_CODE>3116</REGION_CODE>
  </ds>
  <ds>
    <ID>3</ID>
    <COUNTRY_NAME>漕河泾新兴技术开发区</COUNTRY_NAME>
    <CODE>310414</CODE>
    <REGION_NAME>徐汇区</REGION_NAME>
    <REGION_CODE>3104</REGION_CODE>
  </ds>
  <ds>
    <ID>4</ID>
    <COUNTRY_NAME>漕河泾街道</COUNTRY_NAME>
    <CODE>310412</CODE>
    <REGION_NAME>徐汇区</REGION_NAME>
    <REGION_CODE>3104</REGION_CODE>
  </ds>
  <ds>
    <ID>5</ID>
    <COUNTRY_NAME>淞南镇</COUNTRY_NAME>
    <CODE>311312</CODE>
    <REGION_NAME>宝山区</REGION_NAME>
    <REGION_CODE>3113</REGION_CODE>
  </ds>
  <ds>
    <ID>6</ID>
    <COUNTRY_NAME>泖港镇</COUNTRY_NAME>
    <CODE>311711</CODE>
    <REGION_NAME>松江区</REGION_NAME>
    <REGION_CODE>3117</REGION_CODE>
  </ds>
  <ds>
    <ID>7</ID>
    <COUNTRY_NAME>泗泾镇</COUNTRY_NAME>
    <CODE>311705</CODE>
    <REGION_NAME>松江区</REGION_NAME>
    <REGION_CODE>3117</REGION_CODE>
  </ds>
  <ds>
    <ID>8</ID>
    <COUNTRY_NAME>莘庄镇</COUNTRY_NAME>
    <CODE>311204</CODE>
    <REGION_NAME>闵行区</REGION_NAME>
    <REGION_CODE>3112</REGION_CODE>
  </ds>
  <ds>
    <ID>9</ID>
    <COUNTRY_NAME>莘庄工业区</COUNTRY_NAME>
    <CODE>311213</CODE>
    <REGION_NAME>闵行区</REGION_NAME>
    <REGION_CODE>3112</REGION_CODE>
  </ds>
  <ds>
    <ID>10</ID>
    <COUNTRY_NAME>芷江西路街道</COUNTRY_NAME>
    <CODE>310808</CODE>
    <REGION_NAME>闸北区</REGION_NAME>
    <REGION_CODE>3108</REGION_CODE>
  </ds>
  <ds>
    <ID>11</ID>
    <COUNTRY_NAME>佘山镇</COUNTRY_NAME>
    <CODE>311706</CODE>
    <REGION_NAME>松江区</REGION_NAME>
    <REGION_CODE>3117</REGION_CODE>
  </ds>
  <ds>
    <ID>12</ID>
    <COUNTRY_NAME>佘山度假村</COUNTRY_NAME>
    <CODE>311717</CODE>
    <REGION_NAME>松江区</REGION_NAME>
    <REGION_CODE>3117</REGION_CODE>
  </ds>
  <ds>
    <ID>13</ID>
    <COUNTRY_NAME>庄行镇</COUNTRY_NAME>
    <CODE>312003</CODE>
    <REGION_NAME>奉贤区</REGION_NAME>
    <REGION_CODE>3120</REGION_CODE>
  </ds>
  <ds>
    <ID>14</ID>
    <COUNTRY_NAME>祝桥镇</COUNTRY_NAME>
    <CODE>311530</CODE>
    <REGION_NAME>浦东新区</REGION_NAME>
    <REGION_CODE>3115</REGION_CODE>
  </ds>
  <ds>
    <ID>15</ID>
    <COUNTRY_NAME>朱泾镇</COUNTRY_NAME>
    <CODE>311602</CODE>
    <REGION_NAME>金山区</REGION_NAME>
    <REGION_CODE>3116</REGION_CODE>
  </ds>
  <ds>
    <ID>16</ID>
    <COUNTRY_NAME>朱家角镇</COUNTRY_NAME>
    <CODE>311804</CODE>
    <REGION_NAME>青浦区</REGION_NAME>
    <REGION_CODE>3118</REGION_CODE>
  </ds>
  <ds>
    <ID>17</ID>
    <COUNTRY_NAME>周浦镇</COUNTRY_NAME>
    <CODE>311525</CODE>
    <REGION_NAME>浦东新区</REGION_NAME>
    <REGION_CODE>3115</REGION_CODE>
  </ds>
  <ds>
    <ID>18</ID>
    <COUNTRY_NAME>周家桥街道</COUNTRY_NAME>
    <CODE>310504</CODE>
    <REGION_NAME>长宁区</REGION_NAME>
    <REGION_CODE>3105</REGION_CODE>
  </ds>
  <ds>
    <ID>19</ID>
    <COUNTRY_NAME>周家渡街道</COUNTRY_NAME>
    <CODE>311503</CODE>
    <REGION_NAME>浦东新区</REGION_NAME>
    <REGION_CODE>3115</REGION_CODE>
  </ds>
  <ds>
    <ID>20</ID>
    <COUNTRY_NAME>重固镇</COUNTRY_NAME>
    <CODE>311810</CODE>
    <REGION_NAME>青浦区</REGION_NAME>
    <REGION_CODE>3118</REGION_CODE>
  </ds>
  <ds>
    <ID>21</ID>
    <COUNTRY_NAME>中兴镇</COUNTRY_NAME>
    <CODE>313009</CODE>
    <REGION_NAME>崇明县</REGION_NAME>
    <REGION_CODE>3130</REGION_CODE>
  </ds>
  <ds>
    <ID>22</ID>
    <COUNTRY_NAME>中山街道</COUNTRY_NAME>
    <CODE>311704</CODE>
    <REGION_NAME>松江区</REGION_NAME>
    <REGION_CODE>3117</REGION_CODE>
  </ds>
  <ds>
    <ID>23</ID>
    <COUNTRY_NAME>真新街道</COUNTRY_NAME>
    <CODE>311402</CODE>
    <REGION_NAME>嘉定区</REGION_NAME>
    <REGION_CODE>3114</REGION_CODE>
  </ds>
  <ds>
    <ID>24</ID>
    <COUNTRY_NAME>真如镇</COUNTRY_NAME>
    <CODE>310707</CODE>
    <REGION_NAME>普陀区</REGION_NAME>
    <REGION_CODE>3107</REGION_CODE>
  </ds>
  <ds>
    <ID>25</ID>
    <COUNTRY_NAME>赵巷镇</COUNTRY_NAME>
    <CODE>311807</CODE>
    <REGION_NAME>青浦区</REGION_NAME>
    <REGION_CODE>3118</REGION_CODE>
  </ds>
  <ds>
    <ID>26</ID>
    <COUNTRY_NAME>张堰镇</COUNTRY_NAME>
    <CODE>311604</CODE>
    <REGION_NAME>金山区</REGION_NAME>
    <REGION_CODE>3116</REGION_CODE>
  </ds>
  <ds>
    <ID>27</ID>
    <COUNTRY_NAME>张庙街道</COUNTRY_NAME>
    <CODE>311303</CODE>
    <REGION_NAME>宝山区</REGION_NAME>
    <REGION_CODE>3113</REGION_CODE>
  </ds>
  <ds>
    <ID>28</ID>
    <COUNTRY_NAME>张江镇</COUNTRY_NAME>
    <CODE>311522</CODE>
    <REGION_NAME>浦东新区</REGION_NAME>
    <REGION_CODE>3115</REGION_CODE>
  </ds>
  <ds>
    <ID>29</ID>
    <COUNTRY_NAME>张江高科技园区</COUNTRY_NAME>
    <CODE>311542</CODE>
    <REGION_NAME>浦东新区</REGION_NAME>
    <REGION_CODE>3115</REGION_CODE>
  </ds>
  <ds>
    <ID>30</ID>
    <COUNTRY_NAME>月浦镇</COUNTRY_NAME>
    <CODE>311307</CODE>
    <REGION_NAME>宝山区</REGION_NAME>
    <REGION_CODE>3113</REGION_CODE>
  </ds>
  <ds>
    <ID>31</ID>
    <COUNTRY_NAME>岳阳街道</COUNTRY_NAME>
    <CODE>311701</CODE>
    <REGION_NAME>松江区</REGION_NAME>
    <REGION_CODE>3117</REGION_CODE>
  </ds>
  <ds>
    <ID>32</ID>
    <COUNTRY_NAME>豫园街道</COUNTRY_NAME>
    <CODE>310106</CODE>
    <REGION_NAME>黄浦区</REGION_NAME>
    <REGION_CODE>3101</REGION_CODE>
  </ds>
  <ds>
    <ID>33</ID>
    <COUNTRY_NAME>友谊街道</COUNTRY_NAME>
    <CODE>311301</CODE>
    <REGION_NAME>宝山区</REGION_NAME>
    <REGION_CODE>3113</REGION_CODE>
  </ds>
  <ds>
    <ID>34</ID>
    <COUNTRY_NAME>永丰街道</COUNTRY_NAME>
    <CODE>311702</CODE>
    <REGION_NAME>松江区</REGION_NAME>
    <REGION_CODE>3117</REGION_CODE>
  </ds>
  <ds>
    <ID>35</ID>
    <COUNTRY_NAME>盈浦街道</COUNTRY_NAME>
    <CODE>311802</CODE>
    <REGION_NAME>青浦区</REGION_NAME>
    <REGION_CODE>3118</REGION_CODE>
  </ds>
  <ds>
    <ID>36</ID>
    <COUNTRY_NAME>殷行街道</COUNTRY_NAME>
    <CODE>311008</CODE>
    <REGION_NAME>杨浦区</REGION_NAME>
    <REGION_CODE>3110</REGION_CODE>
  </ds>
  <ds>
    <ID>37</ID>
    <COUNTRY_NAME>宜川路街道</COUNTRY_NAME>
    <CODE>310706</CODE>
    <REGION_NAME>普陀区</REGION_NAME>
    <REGION_CODE>3107</REGION_CODE>
  </ds>
  <ds>
    <ID>38</ID>
    <COUNTRY_NAME>叶榭镇</COUNTRY_NAME>
    <CODE>311714</CODE>
    <REGION_NAME>松江区</REGION_NAME>
    <REGION_CODE>3117</REGION_CODE>
  </ds>
  <ds>
    <ID>39</ID>
    <COUNTRY_NAME>洋泾街道</COUNTRY_NAME>
    <CODE>311509</CODE>
    <REGION_NAME>浦东新区</REGION_NAME>
    <REGION_CODE>3115</REGION_CODE>
  </ds>
  <ds>
    <ID>40</ID>
    <COUNTRY_NAME>杨行镇</COUNTRY_NAME>
    <CODE>311306</CODE>
    <REGION_NAME>宝山区</REGION_NAME>
    <REGION_CODE>3113</REGION_CODE>
  </ds>
  <ds>
    <ID>41</ID>
    <COUNTRY_NAME>延吉新村街道</COUNTRY_NAME>
    <CODE>311007</CODE>
    <REGION_NAME>杨浦区</REGION_NAME>
    <REGION_CODE>3110</REGION_CODE>
  </ds>
  <ds>
    <ID>42</ID>
    <COUNTRY_NAME>宣桥镇</COUNTRY_NAME>
    <CODE>311532</CODE>
    <REGION_NAME>浦东新区</REGION_NAME>
    <REGION_CODE>3115</REGION_CODE>
  </ds>
  <ds>
    <ID>43</ID>
    <COUNTRY_NAME>徐泾镇</COUNTRY_NAME>
    <CODE>311808</CODE>
    <REGION_NAME>青浦区</REGION_NAME>
    <REGION_CODE>3118</REGION_CODE>
  </ds>
  <ds>
    <ID>44</ID>
    <COUNTRY_NAME>徐行镇</COUNTRY_NAME>
    <CODE>311408</CODE>
    <REGION_NAME>嘉定区</REGION_NAME>
    <REGION_CODE>3114</REGION_CODE>
  </ds>
  <ds>
    <ID>45</ID>
    <COUNTRY_NAME>徐家汇街道</COUNTRY_NAME>
    <CODE>310409</CODE>
    <REGION_NAME>徐汇区</REGION_NAME>
    <REGION_CODE>3104</REGION_CODE>
  </ds>
  <ds>
    <ID>46</ID>
    <COUNTRY_NAME>星火开发区</COUNTRY_NAME>
    <CODE>312014</CODE>
    <REGION_NAME>奉贤区</REGION_NAME>
    <REGION_CODE>3120</REGION_CODE>
  </ds>
  <ds>
    <ID>47</ID>
    <COUNTRY_NAME>新浜镇</COUNTRY_NAME>
    <CODE>311713</CODE>
    <REGION_NAME>松江区</REGION_NAME>
    <REGION_CODE>3117</REGION_CODE>
  </ds>
  <ds>
    <ID>48</ID>
    <COUNTRY_NAME>新泾镇</COUNTRY_NAME>
    <CODE>310510</CODE>
    <REGION_NAME>长宁区</REGION_NAME>
    <REGION_CODE>3105</REGION_CODE>
  </ds>
  <ds>
    <ID>49</ID>
    <COUNTRY_NAME>新桥镇</COUNTRY_NAME>
    <CODE>311708</CODE>
    <REGION_NAME>松江区</REGION_NAME>
    <REGION_CODE>3117</REGION_CODE>
  </ds>
  <ds>
    <ID>50</ID>
    <COUNTRY_NAME>新江湾城街道</COUNTRY_NAME>
    <CODE>311011</CODE>
    <REGION_NAME>杨浦区</REGION_NAME>
    <REGION_CODE>3110</REGION_CODE>
  </ds>
  <ds>
    <ID>51</ID>
    <COUNTRY_NAME>新华路街道</COUNTRY_NAME>
    <CODE>310503</CODE>
    <REGION_NAME>长宁区</REGION_NAME>
    <REGION_CODE>3105</REGION_CODE>
  </ds>
  <ds>
    <ID>52</ID>
    <COUNTRY_NAME>新虹街道</COUNTRY_NAME>
    <CODE>311203</CODE>
    <REGION_NAME>闵行区</REGION_NAME>
    <REGION_CODE>3112</REGION_CODE>
  </ds>
  <ds>
    <ID>53</ID>
    <COUNTRY_NAME>新河镇</COUNTRY_NAME>
    <CODE>313003</CODE>
    <REGION_NAME>崇明县</REGION_NAME>
    <REGION_CODE>3130</REGION_CODE>
  </ds>
  <ds>
    <ID>54</ID>
    <COUNTRY_NAME>新海镇</COUNTRY_NAME>
    <CODE>313014</CODE>
    <REGION_NAME>崇明县</REGION_NAME>
    <REGION_CODE>3130</REGION_CODE>
  </ds>
  <ds>
    <ID>55</ID>
    <COUNTRY_NAME>新村乡</COUNTRY_NAME>
    <CODE>313017</CODE>
    <REGION_NAME>崇明县</REGION_NAME>
    <REGION_CODE>3130</REGION_CODE>
  </ds>
  <ds>
    <ID>56</ID>
    <COUNTRY_NAME>新成路街道</COUNTRY_NAME>
    <CODE>311401</CODE>
    <REGION_NAME>嘉定区</REGION_NAME>
    <REGION_CODE>3114</REGION_CODE>
  </ds>
  <ds>
    <ID>57</ID>
    <COUNTRY_NAME>新场镇</COUNTRY_NAME>
    <CODE>311526</CODE>
    <REGION_NAME>浦东新区</REGION_NAME>
    <REGION_CODE>3115</REGION_CODE>
  </ds>
  <ds>
    <ID>58</ID>
    <COUNTRY_NAME>斜土路街道</COUNTRY_NAME>
    <CODE>310403</CODE>
    <REGION_NAME>徐汇区</REGION_NAME>
    <REGION_CODE>3104</REGION_CODE>
  </ds>
  <ds>
    <ID>59</ID>
    <COUNTRY_NAME>小昆山镇</COUNTRY_NAME>
    <CODE>311715</CODE>
    <REGION_NAME>松江区</REGION_NAME>
    <REGION_CODE>3117</REGION_CODE>
  </ds>
  <ds>
    <ID>60</ID>
    <COUNTRY_NAME>小东门街道</COUNTRY_NAME>
    <CODE>310105</CODE>
    <REGION_NAME>黄浦区</REGION_NAME>
    <REGION_CODE>3101</REGION_CODE>
  </ds>
  <ds>
    <ID>61</ID>
    <COUNTRY_NAME>向化镇</COUNTRY_NAME>
    <CODE>313006</CODE>
    <REGION_NAME>崇明县</REGION_NAME>
    <REGION_CODE>3130</REGION_CODE>
  </ds>
  <ds>
    <ID>62</ID>
    <COUNTRY_NAME>香花桥街道</COUNTRY_NAME>
    <CODE>311803</CODE>
    <REGION_NAME>青浦区</REGION_NAME>
    <REGION_CODE>3118</REGION_CODE>
  </ds>
  <ds>
    <ID>63</ID>
    <COUNTRY_NAME>仙霞新村街道</COUNTRY_NAME>
    <CODE>310506</CODE>
    <REGION_NAME>长宁区</REGION_NAME>
    <REGION_CODE>3105</REGION_CODE>
  </ds>
  <ds>
    <ID>64</ID>
    <COUNTRY_NAME>夏阳街道</COUNTRY_NAME>
    <CODE>311801</CODE>
    <REGION_NAME>青浦区</REGION_NAME>
    <REGION_CODE>3118</REGION_CODE>
  </ds>
  <ds>
    <ID>65</ID>
    <COUNTRY_NAME>五里桥街道</COUNTRY_NAME>
    <CODE>310108</CODE>
    <REGION_NAME>黄浦区</REGION_NAME>
    <REGION_CODE>3101</REGION_CODE>
  </ds>
  <ds>
    <ID>66</ID>
    <COUNTRY_NAME>五角场镇</COUNTRY_NAME>
    <CODE>311012</CODE>
    <REGION_NAME>杨浦区</REGION_NAME>
    <REGION_CODE>3110</REGION_CODE>
  </ds>
  <ds>
    <ID>67</ID>
    <COUNTRY_NAME>五角场街道</COUNTRY_NAME>
    <CODE>311010</CODE>
    <REGION_NAME>杨浦区</REGION_NAME>
    <REGION_CODE>3110</REGION_CODE>
  </ds>
  <ds>
    <ID>68</ID>
    <COUNTRY_NAME>吴淞街道</COUNTRY_NAME>
    <CODE>311302</CODE>
    <REGION_NAME>宝山区</REGION_NAME>
    <REGION_CODE>3113</REGION_CODE>
  </ds>
  <ds>
    <ID>69</ID>
    <COUNTRY_NAME>吴淞工业区</COUNTRY_NAME>
    <CODE>311314</CODE>
    <REGION_NAME>宝山区</REGION_NAME>
    <REGION_CODE>3113</REGION_CODE>
  </ds>
  <ds>
    <ID>70</ID>
    <COUNTRY_NAME>吴泾镇</COUNTRY_NAME>
    <CODE>311210</CODE>
    <REGION_NAME>闵行区</REGION_NAME>
    <REGION_CODE>3112</REGION_CODE>
  </ds>
  <ds>
    <ID>71</ID>
    <COUNTRY_NAME>潍坊新村街道</COUNTRY_NAME>
    <CODE>311501</CODE>
    <REGION_NAME>浦东新区</REGION_NAME>
    <REGION_CODE>3115</REGION_CODE>
  </ds>
  <ds>
    <ID>72</ID>
    <COUNTRY_NAME>万祥镇</COUNTRY_NAME>
    <CODE>311534</CODE>
    <REGION_NAME>浦东新区</REGION_NAME>
    <REGION_CODE>3115</REGION_CODE>
  </ds>
  <ds>
    <ID>73</ID>
    <COUNTRY_NAME>外滩街道</COUNTRY_NAME>
    <CODE>310112</CODE>
    <REGION_NAME>黄浦区</REGION_NAME>
    <REGION_CODE>3101</REGION_CODE>
  </ds>
  <ds>
    <ID>74</ID>
    <COUNTRY_NAME>外高桥保税区</COUNTRY_NAME>
    <CODE>311540</CODE>
    <REGION_NAME>浦东新区</REGION_NAME>
    <REGION_CODE>3115</REGION_CODE>
  </ds>
  <ds>
    <ID>75</ID>
    <COUNTRY_NAME>外冈镇</COUNTRY_NAME>
    <CODE>311410</CODE>
    <REGION_NAME>嘉定区</REGION_NAME>
    <REGION_CODE>3114</REGION_CODE>
  </ds>
  <ds>
    <ID>76</ID>
    <COUNTRY_NAME>拓林镇</COUNTRY_NAME>
    <CODE>312007</CODE>
    <REGION_NAME>奉贤区</REGION_NAME>
    <REGION_CODE>3120</REGION_CODE>
  </ds>
  <ds>
    <ID>77</ID>
    <COUNTRY_NAME>亭林镇</COUNTRY_NAME>
    <CODE>311605</CODE>
    <REGION_NAME>金山区</REGION_NAME>
    <REGION_CODE>3116</REGION_CODE>
  </ds>
  <ds>
    <ID>78</ID>
    <COUNTRY_NAME>田林街道</COUNTRY_NAME>
    <CODE>310406</CODE>
    <REGION_NAME>徐汇区</REGION_NAME>
    <REGION_CODE>3104</REGION_CODE>
  </ds>
  <ds>
    <ID>79</ID>
    <COUNTRY_NAME>天山路街道</COUNTRY_NAME>
    <CODE>310505</CODE>
    <REGION_NAME>长宁区</REGION_NAME>
    <REGION_CODE>3105</REGION_CODE>
  </ds>
  <ds>
    <ID>80</ID>
    <COUNTRY_NAME>天平路街道</COUNTRY_NAME>
    <CODE>310401</CODE>
    <REGION_NAME>徐汇区</REGION_NAME>
    <REGION_CODE>3104</REGION_CODE>
  </ds>
  <ds>
    <ID>81</ID>
    <COUNTRY_NAME>天目西路街道</COUNTRY_NAME>
    <CODE>310801</CODE>
    <REGION_NAME>闸北区</REGION_NAME>
    <REGION_CODE>3108</REGION_CODE>
  </ds>
  <ds>
    <ID>82</ID>
    <COUNTRY_NAME>提篮桥街道</COUNTRY_NAME>
    <CODE>310907</CODE>
    <REGION_NAME>虹口区</REGION_NAME>
    <REGION_CODE>3109</REGION_CODE>
  </ds>
  <ds>
    <ID>83</ID>
    <COUNTRY_NAME>桃浦镇</COUNTRY_NAME>
    <CODE>310709</CODE>
    <REGION_NAME>普陀区</REGION_NAME>
    <REGION_CODE>3107</REGION_CODE>
  </ds>
  <ds>
    <ID>84</ID>
    <COUNTRY_NAME>唐镇</COUNTRY_NAME>
    <CODE>311517</CODE>
    <REGION_NAME>浦东新区</REGION_NAME>
    <REGION_CODE>3115</REGION_CODE>
  </ds>
  <ds>
    <ID>85</ID>
    <COUNTRY_NAME>塘桥街道</COUNTRY_NAME>
    <CODE>311504</CODE>
    <REGION_NAME>浦东新区</REGION_NAME>
    <REGION_CODE>3115</REGION_CODE>
  </ds>
  <ds>
    <ID>86</ID>
    <COUNTRY_NAME>松江工业区</COUNTRY_NAME>
    <CODE>311716</CODE>
    <REGION_NAME>松江区</REGION_NAME>
    <REGION_CODE>3117</REGION_CODE>
  </ds>
  <ds>
    <ID>87</ID>
    <COUNTRY_NAME>四团镇</COUNTRY_NAME>
    <CODE>312005</CODE>
    <REGION_NAME>奉贤区</REGION_NAME>
    <REGION_CODE>3120</REGION_CODE>
  </ds>
  <ds>
    <ID>88</ID>
    <COUNTRY_NAME>四平路街道</COUNTRY_NAME>
    <CODE>311004</CODE>
    <REGION_NAME>杨浦区</REGION_NAME>
    <REGION_CODE>3110</REGION_CODE>
  </ds>
  <ds>
    <ID>89</ID>
    <COUNTRY_NAME>四川北路街道</COUNTRY_NAME>
    <CODE>310906</CODE>
    <REGION_NAME>虹口区</REGION_NAME>
    <REGION_CODE>3109</REGION_CODE>
  </ds>
  <ds>
    <ID>90</ID>
    <COUNTRY_NAME>竖新镇</COUNTRY_NAME>
    <CODE>313005</CODE>
    <REGION_NAME>崇明县</REGION_NAME>
    <REGION_CODE>3130</REGION_CODE>
  </ds>
  <ds>
    <ID>91</ID>
    <COUNTRY_NAME>书院镇</COUNTRY_NAME>
    <CODE>311533</CODE>
    <REGION_NAME>浦东新区</REGION_NAME>
    <REGION_CODE>3115</REGION_CODE>
  </ds>
  <ds>
    <ID>92</ID>
    <COUNTRY_NAME>石泉路街道</COUNTRY_NAME>
    <CODE>310705</CODE>
    <REGION_NAME>普陀区</REGION_NAME>
    <REGION_CODE>3107</REGION_CODE>
  </ds>
  <ds>
    <ID>93</ID>
    <COUNTRY_NAME>石门二路街道</COUNTRY_NAME>
    <CODE>310602</CODE>
    <REGION_NAME>静安区</REGION_NAME>
    <REGION_CODE>3106</REGION_CODE>
  </ds>
  <ds>
    <ID>94</ID>
    <COUNTRY_NAME>石化街道</COUNTRY_NAME>
    <CODE>311601</CODE>
    <REGION_NAME>金山区</REGION_NAME>
    <REGION_CODE>3116</REGION_CODE>
  </ds>
  <ds>
    <ID>95</ID>
    <COUNTRY_NAME>石湖荡镇</COUNTRY_NAME>
    <CODE>311712</CODE>
    <REGION_NAME>松江区</REGION_NAME>
    <REGION_CODE>3117</REGION_CODE>
  </ds>
  <ds>
    <ID>96</ID>
    <COUNTRY_NAME>上实现代农业科技园</COUNTRY_NAME>
    <CODE>313021</CODE>
    <REGION_NAME>崇明县</REGION_NAME>
    <REGION_CODE>3130</REGION_CODE>
  </ds>
  <ds>
    <ID>97</ID>
    <COUNTRY_NAME>上钢新村街道</COUNTRY_NAME>
    <CODE>311505</CODE>
    <REGION_NAME>浦东新区</REGION_NAME>
    <REGION_CODE>3115</REGION_CODE>
  </ds>
  <ds>
    <ID>98</ID>
    <COUNTRY_NAME>山阳镇</COUNTRY_NAME>
    <CODE>311610</CODE>
    <REGION_NAME>金山区</REGION_NAME>
    <REGION_CODE>3116</REGION_CODE>
  </ds>
  <ds>
    <ID>99</ID>
    <COUNTRY_NAME>三星镇</COUNTRY_NAME>
    <CODE>313007</CODE>
    <REGION_NAME>崇明县</REGION_NAME>
    <REGION_CODE>3130</REGION_CODE>
  </ds>
  <ds>
    <ID>100</ID>
    <COUNTRY_NAME>三林镇</COUNTRY_NAME>
    <CODE>311523</CODE>
    <REGION_NAME>浦东新区</REGION_NAME>
    <REGION_CODE>3115</REGION_CODE>
  </ds>
  <ds>
    <ID>101</ID>
    <COUNTRY_NAME>瑞金二路街道</COUNTRY_NAME>
    <CODE>310111</CODE>
    <REGION_NAME>黄浦区</REGION_NAME>
    <REGION_CODE>3101</REGION_CODE>
  </ds>
  <ds>
    <ID>102</ID>
    <COUNTRY_NAME>曲阳路街道</COUNTRY_NAME>
    <CODE>310902</CODE>
    <REGION_NAME>虹口区</REGION_NAME>
    <REGION_CODE>3109</REGION_CODE>
  </ds>
  <ds>
    <ID>103</ID>
    <COUNTRY_NAME>青村镇</COUNTRY_NAME>
    <CODE>312006</CODE>
    <REGION_NAME>奉贤区</REGION_NAME>
    <REGION_CODE>3120</REGION_CODE>
  </ds>
  <ds>
    <ID>104</ID>
    <COUNTRY_NAME>前卫农场</COUNTRY_NAME>
    <CODE>313019</CODE>
    <REGION_NAME>崇明县</REGION_NAME>
    <REGION_CODE>3130</REGION_CODE>
  </ds>
  <ds>
    <ID>105</ID>
    <COUNTRY_NAME>七宝镇</COUNTRY_NAME>
    <CODE>311205</CODE>
    <REGION_NAME>闵行区</REGION_NAME>
    <REGION_CODE>3112</REGION_CODE>
  </ds>
  <ds>
    <ID>106</ID>
    <COUNTRY_NAME>浦新路街道</COUNTRY_NAME>
    <CODE>311510</CODE>
    <REGION_NAME>浦东新区</REGION_NAME>
    <REGION_CODE>3115</REGION_CODE>
  </ds>
  <ds>
    <ID>107</ID>
    <COUNTRY_NAME>浦江镇</COUNTRY_NAME>
    <CODE>311212</CODE>
    <REGION_NAME>闵行区</REGION_NAME>
    <REGION_CODE>3112</REGION_CODE>
  </ds>
  <ds>
    <ID>108</ID>
    <COUNTRY_NAME>平凉路街道</COUNTRY_NAME>
    <CODE>311002</CODE>
    <REGION_NAME>杨浦区</REGION_NAME>
    <REGION_CODE>3110</REGION_CODE>
  </ds>
  <ds>
    <ID>109</ID>
    <COUNTRY_NAME>彭浦镇</COUNTRY_NAME>
    <CODE>310809</CODE>
    <REGION_NAME>闸北区</REGION_NAME>
    <REGION_CODE>3108</REGION_CODE>
  </ds>
  <ds>
    <ID>110</ID>
    <COUNTRY_NAME>彭浦新村街道</COUNTRY_NAME>
    <CODE>310806</CODE>
    <REGION_NAME>闸北区</REGION_NAME>
    <REGION_CODE>3108</REGION_CODE>
  </ds>
  <ds>
    <ID>111</ID>
    <COUNTRY_NAME>欧阳路街道</COUNTRY_NAME>
    <CODE>310901</CODE>
    <REGION_NAME>虹口区</REGION_NAME>
    <REGION_CODE>3109</REGION_CODE>
  </ds>
  <ds>
    <ID>112</ID>
    <COUNTRY_NAME>泥城镇</COUNTRY_NAME>
    <CODE>311531</CODE>
    <REGION_NAME>浦东新区</REGION_NAME>
    <REGION_CODE>3115</REGION_CODE>
  </ds>
  <ds>
    <ID>113</ID>
    <COUNTRY_NAME>南翔镇</COUNTRY_NAME>
    <CODE>311405</CODE>
    <REGION_NAME>嘉定区</REGION_NAME>
    <REGION_CODE>3114</REGION_CODE>
  </ds>
  <ds>
    <ID>114</ID>
    <COUNTRY_NAME>南桥镇</COUNTRY_NAME>
    <CODE>312001</CODE>
    <REGION_NAME>奉贤区</REGION_NAME>
    <REGION_CODE>3120</REGION_CODE>
  </ds>
  <ds>
    <ID>115</ID>
    <COUNTRY_NAME>南码头路街道</COUNTRY_NAME>
    <CODE>311506</CODE>
    <REGION_NAME>浦东新区</REGION_NAME>
    <REGION_CODE>3115</REGION_CODE>
  </ds>
  <ds>
    <ID>116</ID>
    <COUNTRY_NAME>南京西路街道</COUNTRY_NAME>
    <CODE>310603</CODE>
    <REGION_NAME>静安区</REGION_NAME>
    <REGION_CODE>3106</REGION_CODE>
  </ds>
  <ds>
    <ID>117</ID>
    <COUNTRY_NAME>南汇新城镇</COUNTRY_NAME>
    <CODE>311536</CODE>
    <REGION_NAME>浦东新区</REGION_NAME>
    <REGION_CODE>3115</REGION_CODE>
  </ds>
  <ds>
    <ID>118</ID>
    <COUNTRY_NAME>南东街道</COUNTRY_NAME>
    <CODE>310113</CODE>
    <REGION_NAME>黄浦区</REGION_NAME>
    <REGION_CODE>3101</REGION_CODE>
  </ds>
  <ds>
    <ID>119</ID>
    <COUNTRY_NAME>庙镇</COUNTRY_NAME>
    <CODE>313004</CODE>
    <REGION_NAME>崇明县</REGION_NAME>
    <REGION_CODE>3130</REGION_CODE>
  </ds>
  <ds>
    <ID>120</ID>
    <COUNTRY_NAME>庙行镇</COUNTRY_NAME>
    <CODE>311311</CODE>
    <REGION_NAME>宝山区</REGION_NAME>
    <REGION_CODE>3113</REGION_CODE>
  </ds>
  <ds>
    <ID>121</ID>
    <COUNTRY_NAME>梅陇镇</COUNTRY_NAME>
    <CODE>311209</CODE>
    <REGION_NAME>闵行区</REGION_NAME>
    <REGION_CODE>3112</REGION_CODE>
  </ds>
  <ds>
    <ID>122</ID>
    <COUNTRY_NAME>马桥镇</COUNTRY_NAME>
    <CODE>311211</CODE>
    <REGION_NAME>闵行区</REGION_NAME>
    <REGION_CODE>3112</REGION_CODE>
  </ds>
  <ds>
    <ID>123</ID>
    <COUNTRY_NAME>马陆镇</COUNTRY_NAME>
    <CODE>311407</CODE>
    <REGION_NAME>嘉定区</REGION_NAME>
    <REGION_CODE>3114</REGION_CODE>
  </ds>
  <ds>
    <ID>124</ID>
    <COUNTRY_NAME>罗泾镇</COUNTRY_NAME>
    <CODE>311308</CODE>
    <REGION_NAME>宝山区</REGION_NAME>
    <REGION_CODE>3113</REGION_CODE>
  </ds>
  <ds>
    <ID>125</ID>
    <COUNTRY_NAME>罗店镇</COUNTRY_NAME>
    <CODE>311304</CODE>
    <REGION_NAME>宝山区</REGION_NAME>
    <REGION_CODE>3113</REGION_CODE>
  </ds>
  <ds>
    <ID>126</ID>
    <COUNTRY_NAME>绿华镇</COUNTRY_NAME>
    <CODE>313011</CODE>
    <REGION_NAME>崇明县</REGION_NAME>
    <REGION_CODE>3130</REGION_CODE>
  </ds>
  <ds>
    <ID>127</ID>
    <COUNTRY_NAME>吕巷镇</COUNTRY_NAME>
    <CODE>311606</CODE>
    <REGION_NAME>金山区</REGION_NAME>
    <REGION_CODE>3116</REGION_CODE>
  </ds>
  <ds>
    <ID>128</ID>
    <COUNTRY_NAME>陆家嘴街道</COUNTRY_NAME>
    <CODE>311502</CODE>
    <REGION_NAME>浦东新区</REGION_NAME>
    <REGION_CODE>3115</REGION_CODE>
  </ds>
  <ds>
    <ID>129</ID>
    <COUNTRY_NAME>芦潮港农场</COUNTRY_NAME>
    <CODE>311537</CODE>
    <REGION_NAME>浦东新区</REGION_NAME>
    <REGION_CODE>3115</REGION_CODE>
  </ds>
  <ds>
    <ID>130</ID>
    <COUNTRY_NAME>龙华街道</COUNTRY_NAME>
    <CODE>310411</CODE>
    <REGION_NAME>徐汇区</REGION_NAME>
    <REGION_CODE>3104</REGION_CODE>
  </ds>
  <ds>
    <ID>131</ID>
    <COUNTRY_NAME>凌云路街道</COUNTRY_NAME>
    <CODE>310410</CODE>
    <REGION_NAME>徐汇区</REGION_NAME>
    <REGION_CODE>3104</REGION_CODE>
  </ds>
  <ds>
    <ID>132</ID>
    <COUNTRY_NAME>临汾路街道</COUNTRY_NAME>
    <CODE>310807</CODE>
    <REGION_NAME>闸北区</REGION_NAME>
    <REGION_CODE>3108</REGION_CODE>
  </ds>
  <ds>
    <ID>133</ID>
    <COUNTRY_NAME>凉城新村街道</COUNTRY_NAME>
    <CODE>310905</CODE>
    <REGION_NAME>虹口区</REGION_NAME>
    <REGION_CODE>3109</REGION_CODE>
  </ds>
  <ds>
    <ID>134</ID>
    <COUNTRY_NAME>练塘镇</COUNTRY_NAME>
    <CODE>311805</CODE>
    <REGION_NAME>青浦区</REGION_NAME>
    <REGION_CODE>3118</REGION_CODE>
  </ds>
  <ds>
    <ID>135</ID>
    <COUNTRY_NAME>老西门街道</COUNTRY_NAME>
    <CODE>310107</CODE>
    <REGION_NAME>黄浦区</REGION_NAME>
    <REGION_CODE>3101</REGION_CODE>
  </ds>
  <ds>
    <ID>136</ID>
    <COUNTRY_NAME>老港镇</COUNTRY_NAME>
    <CODE>311535</CODE>
    <REGION_NAME>浦东新区</REGION_NAME>
    <REGION_CODE>3115</REGION_CODE>
  </ds>
  <ds>
    <ID>137</ID>
    <COUNTRY_NAME>廓下镇</COUNTRY_NAME>
    <CODE>311607</CODE>
    <REGION_NAME>金山区</REGION_NAME>
    <REGION_CODE>3116</REGION_CODE>
  </ds>
  <ds>
    <ID>138</ID>
    <COUNTRY_NAME>控江路街道</COUNTRY_NAME>
    <CODE>311005</CODE>
    <REGION_NAME>杨浦区</REGION_NAME>
    <REGION_CODE>3110</REGION_CODE>
  </ds>
  <ds>
    <ID>139</ID>
    <COUNTRY_NAME>康桥镇</COUNTRY_NAME>
    <CODE>311528</CODE>
    <REGION_NAME>浦东新区</REGION_NAME>
    <REGION_CODE>3115</REGION_CODE>
  </ds>
  <ds>
    <ID>140</ID>
    <COUNTRY_NAME>康建新村街道</COUNTRY_NAME>
    <CODE>310408</CODE>
    <REGION_NAME>徐汇区</REGION_NAME>
    <REGION_CODE>3104</REGION_CODE>
  </ds>
  <ds>
    <ID>141</ID>
    <COUNTRY_NAME>菊园新区管委会</COUNTRY_NAME>
    <CODE>311403</CODE>
    <REGION_NAME>嘉定区</REGION_NAME>
    <REGION_CODE>3114</REGION_CODE>
  </ds>
  <ds>
    <ID>142</ID>
    <COUNTRY_NAME>九亭镇</COUNTRY_NAME>
    <CODE>311710</CODE>
    <REGION_NAME>松江区</REGION_NAME>
    <REGION_CODE>3117</REGION_CODE>
  </ds>
  <ds>
    <ID>143</ID>
    <COUNTRY_NAME>静安寺街道</COUNTRY_NAME>
    <CODE>310604</CODE>
    <REGION_NAME>静安区</REGION_NAME>
    <REGION_CODE>3106</REGION_CODE>
  </ds>
  <ds>
    <ID>144</ID>
    <COUNTRY_NAME>金泽镇</COUNTRY_NAME>
    <CODE>311806</CODE>
    <REGION_NAME>青浦区</REGION_NAME>
    <REGION_CODE>3118</REGION_CODE>
  </ds>
  <ds>
    <ID>145</ID>
    <COUNTRY_NAME>金杨新村街道</COUNTRY_NAME>
    <CODE>311508</CODE>
    <REGION_NAME>浦东新区</REGION_NAME>
    <REGION_CODE>3115</REGION_CODE>
  </ds>
  <ds>
    <ID>146</ID>
    <COUNTRY_NAME>金山卫镇</COUNTRY_NAME>
    <CODE>311608</CODE>
    <REGION_NAME>金山区</REGION_NAME>
    <REGION_CODE>3116</REGION_CODE>
  </ds>
  <ds>
    <ID>147</ID>
    <COUNTRY_NAME>金山工业区</COUNTRY_NAME>
    <CODE>311611</CODE>
    <REGION_NAME>金山区</REGION_NAME>
    <REGION_CODE>3116</REGION_CODE>
  </ds>
  <ds>
    <ID>148</ID>
    <COUNTRY_NAME>金桥镇</COUNTRY_NAME>
    <CODE>311519</CODE>
    <REGION_NAME>浦东新区</REGION_NAME>
    <REGION_CODE>3115</REGION_CODE>
  </ds>
  <ds>
    <ID>149</ID>
    <COUNTRY_NAME>金桥经济开发区</COUNTRY_NAME>
    <CODE>311541</CODE>
    <REGION_NAME>浦东新区</REGION_NAME>
    <REGION_CODE>3115</REGION_CODE>
  </ds>
  <ds>
    <ID>150</ID>
    <COUNTRY_NAME>金汇镇</COUNTRY_NAME>
    <CODE>312004</CODE>
    <REGION_NAME>奉贤区</REGION_NAME>
    <REGION_CODE>3120</REGION_CODE>
  </ds>
  <ds>
    <ID>151</ID>
    <COUNTRY_NAME>金海社区</COUNTRY_NAME>
    <CODE>312011</CODE>
    <REGION_NAME>奉贤区</REGION_NAME>
    <REGION_CODE>3120</REGION_CODE>
  </ds>
  <ds>
    <ID>152</ID>
    <COUNTRY_NAME>江湾镇街道</COUNTRY_NAME>
    <CODE>310908</CODE>
    <REGION_NAME>虹口区</REGION_NAME>
    <REGION_CODE>3109</REGION_CODE>
  </ds>
  <ds>
    <ID>153</ID>
    <COUNTRY_NAME>江苏路街道</COUNTRY_NAME>
    <CODE>310502</CODE>
    <REGION_NAME>长宁区</REGION_NAME>
    <REGION_CODE>3105</REGION_CODE>
  </ds>
  <ds>
    <ID>154</ID>
    <COUNTRY_NAME>江桥镇</COUNTRY_NAME>
    <CODE>311411</CODE>
    <REGION_NAME>嘉定区</REGION_NAME>
    <REGION_CODE>3114</REGION_CODE>
  </ds>
  <ds>
    <ID>155</ID>
    <COUNTRY_NAME>江浦路街道</COUNTRY_NAME>
    <CODE>311003</CODE>
    <REGION_NAME>杨浦区</REGION_NAME>
    <REGION_CODE>3110</REGION_CODE>
  </ds>
  <ds>
    <ID>156</ID>
    <COUNTRY_NAME>江宁路街道</COUNTRY_NAME>
    <CODE>310601</CODE>
    <REGION_NAME>静安区</REGION_NAME>
    <REGION_CODE>3106</REGION_CODE>
  </ds>
  <ds>
    <ID>157</ID>
    <COUNTRY_NAME>江川路街道</COUNTRY_NAME>
    <CODE>311201</CODE>
    <REGION_NAME>闵行区</REGION_NAME>
    <REGION_CODE>3112</REGION_CODE>
  </ds>
  <ds>
    <ID>158</ID>
    <COUNTRY_NAME>建设镇</COUNTRY_NAME>
    <CODE>313013</CODE>
    <REGION_NAME>崇明县</REGION_NAME>
    <REGION_CODE>3130</REGION_CODE>
  </ds>
  <ds>
    <ID>159</ID>
    <COUNTRY_NAME>嘉兴路街道</COUNTRY_NAME>
    <CODE>310904</CODE>
    <REGION_NAME>虹口区</REGION_NAME>
    <REGION_CODE>3109</REGION_CODE>
  </ds>
  <ds>
    <ID>160</ID>
    <COUNTRY_NAME>嘉定镇街道</COUNTRY_NAME>
    <CODE>311404</CODE>
    <REGION_NAME>嘉定区</REGION_NAME>
    <REGION_CODE>3114</REGION_CODE>
  </ds>
  <ds>
    <ID>161</ID>
    <COUNTRY_NAME>嘉定工业园</COUNTRY_NAME>
    <CODE>311412</CODE>
    <REGION_NAME>嘉定区</REGION_NAME>
    <REGION_CODE>3114</REGION_CODE>
  </ds>
  <ds>
    <ID>162</ID>
    <COUNTRY_NAME>惠南镇</COUNTRY_NAME>
    <CODE>311524</CODE>
    <REGION_NAME>浦东新区</REGION_NAME>
    <REGION_CODE>3115</REGION_CODE>
  </ds>
  <ds>
    <ID>163</ID>
    <COUNTRY_NAME>淮海中路街道</COUNTRY_NAME>
    <CODE>310110</CODE>
    <REGION_NAME>黄浦区</REGION_NAME>
    <REGION_CODE>3101</REGION_CODE>
  </ds>
  <ds>
    <ID>164</ID>
    <COUNTRY_NAME>化工分区</COUNTRY_NAME>
    <CODE>312015</CODE>
    <REGION_NAME>奉贤区</REGION_NAME>
    <REGION_CODE>3120</REGION_CODE>
  </ds>
  <ds>
    <ID>165</ID>
    <COUNTRY_NAME>华漕镇</COUNTRY_NAME>
    <CODE>311207</CODE>
    <REGION_NAME>闵行区</REGION_NAME>
    <REGION_CODE>3112</REGION_CODE>
  </ds>
  <ds>
    <ID>166</ID>
    <COUNTRY_NAME>华泾镇</COUNTRY_NAME>
    <CODE>310413</CODE>
    <REGION_NAME>徐汇区</REGION_NAME>
    <REGION_CODE>3104</REGION_CODE>
  </ds>
  <ds>
    <ID>167</ID>
    <COUNTRY_NAME>华阳路街道</COUNTRY_NAME>
    <CODE>310501</CODE>
    <REGION_NAME>长宁区</REGION_NAME>
    <REGION_CODE>3105</REGION_CODE>
  </ds>
  <ds>
    <ID>168</ID>
    <COUNTRY_NAME>华新镇</COUNTRY_NAME>
    <CODE>311809</CODE>
    <REGION_NAME>青浦区</REGION_NAME>
    <REGION_CODE>3118</REGION_CODE>
  </ds>
  <ds>
    <ID>169</ID>
    <COUNTRY_NAME>华亭镇</COUNTRY_NAME>
    <CODE>311409</CODE>
    <REGION_NAME>嘉定区</REGION_NAME>
    <REGION_CODE>3114</REGION_CODE>
  </ds>
  <ds>
    <ID>170</ID>
    <COUNTRY_NAME>花木街道</COUNTRY_NAME>
    <CODE>311512</CODE>
    <REGION_NAME>浦东新区</REGION_NAME>
    <REGION_CODE>3115</REGION_CODE>
  </ds>
  <ds>
    <ID>171</ID>
    <COUNTRY_NAME>沪东新村街道</COUNTRY_NAME>
    <CODE>311507</CODE>
    <REGION_NAME>浦东新区</REGION_NAME>
    <REGION_CODE>3115</REGION_CODE>
  </ds>
  <ds>
    <ID>172</ID>
    <COUNTRY_NAME>湖南路街道</COUNTRY_NAME>
    <CODE>310402</CODE>
    <REGION_NAME>徐汇区</REGION_NAME>
    <REGION_CODE>3104</REGION_CODE>
  </ds>
  <ds>
    <ID>173</ID>
    <COUNTRY_NAME>虹桥镇</COUNTRY_NAME>
    <CODE>311208</CODE>
    <REGION_NAME>闵行区</REGION_NAME>
    <REGION_CODE>3112</REGION_CODE>
  </ds>
  <ds>
    <ID>174</ID>
    <COUNTRY_NAME>虹桥街道</COUNTRY_NAME>
    <CODE>310507</CODE>
    <REGION_NAME>长宁区</REGION_NAME>
    <REGION_CODE>3105</REGION_CODE>
  </ds>
  <ds>
    <ID>175</ID>
    <COUNTRY_NAME>虹梅路街道</COUNTRY_NAME>
    <CODE>310407</CODE>
    <REGION_NAME>徐汇区</REGION_NAME>
    <REGION_CODE>3104</REGION_CODE>
  </ds>
  <ds>
    <ID>176</ID>
    <COUNTRY_NAME>横沙乡</COUNTRY_NAME>
    <CODE>313018</CODE>
    <REGION_NAME>崇明县</REGION_NAME>
    <REGION_CODE>3130</REGION_CODE>
  </ds>
  <ds>
    <ID>177</ID>
    <COUNTRY_NAME>合庆镇</COUNTRY_NAME>
    <CODE>311516</CODE>
    <REGION_NAME>浦东新区</REGION_NAME>
    <REGION_CODE>3115</REGION_CODE>
  </ds>
  <ds>
    <ID>178</ID>
    <COUNTRY_NAME>航头镇</COUNTRY_NAME>
    <CODE>311529</CODE>
    <REGION_NAME>浦东新区</REGION_NAME>
    <REGION_CODE>3115</REGION_CODE>
  </ds>
  <ds>
    <ID>179</ID>
    <COUNTRY_NAME>海湾镇</COUNTRY_NAME>
    <CODE>312008</CODE>
    <REGION_NAME>奉贤区</REGION_NAME>
    <REGION_CODE>3120</REGION_CODE>
  </ds>
  <ds>
    <ID>180</ID>
    <COUNTRY_NAME>海湾旅游区</COUNTRY_NAME>
    <CODE>312010</CODE>
    <REGION_NAME>奉贤区</REGION_NAME>
    <REGION_CODE>3120</REGION_CODE>
  </ds>
  <ds>
    <ID>181</ID>
    <COUNTRY_NAME>海港开发区</COUNTRY_NAME>
    <CODE>312012</CODE>
    <REGION_NAME>奉贤区</REGION_NAME>
    <REGION_CODE>3120</REGION_CODE>
  </ds>
  <ds>
    <ID>182</ID>
    <COUNTRY_NAME>广中路街道</COUNTRY_NAME>
    <CODE>310903</CODE>
    <REGION_NAME>虹口区</REGION_NAME>
    <REGION_CODE>3109</REGION_CODE>
  </ds>
  <ds>
    <ID>183</ID>
    <COUNTRY_NAME>顾村镇</COUNTRY_NAME>
    <CODE>311309</CODE>
    <REGION_NAME>宝山区</REGION_NAME>
    <REGION_CODE>3113</REGION_CODE>
  </ds>
  <ds>
    <ID>184</ID>
    <COUNTRY_NAME>古美街道</COUNTRY_NAME>
    <CODE>311202</CODE>
    <REGION_NAME>闵行区</REGION_NAME>
    <REGION_CODE>3112</REGION_CODE>
  </ds>
  <ds>
    <ID>185</ID>
    <COUNTRY_NAME>共和新路街道</COUNTRY_NAME>
    <CODE>310804</CODE>
    <REGION_NAME>闸北区</REGION_NAME>
    <REGION_CODE>3108</REGION_CODE>
  </ds>
  <ds>
    <ID>186</ID>
    <COUNTRY_NAME>工业综合开发区</COUNTRY_NAME>
    <CODE>312013</CODE>
    <REGION_NAME>奉贤区</REGION_NAME>
    <REGION_CODE>3120</REGION_CODE>
  </ds>
  <ds>
    <ID>187</ID>
    <COUNTRY_NAME>高行镇</COUNTRY_NAME>
    <CODE>311520</CODE>
    <REGION_NAME>浦东新区</REGION_NAME>
    <REGION_CODE>3115</REGION_CODE>
  </ds>
  <ds>
    <ID>188</ID>
    <COUNTRY_NAME>高桥镇</COUNTRY_NAME>
    <CODE>311514</CODE>
    <REGION_NAME>浦东新区</REGION_NAME>
    <REGION_CODE>3115</REGION_CODE>
  </ds>
  <ds>
    <ID>189</ID>
    <COUNTRY_NAME>高境镇</COUNTRY_NAME>
    <CODE>311310</CODE>
    <REGION_NAME>宝山区</REGION_NAME>
    <REGION_CODE>3113</REGION_CODE>
  </ds>
  <ds>
    <ID>190</ID>
    <COUNTRY_NAME>高东镇</COUNTRY_NAME>
    <CODE>311521</CODE>
    <REGION_NAME>浦东新区</REGION_NAME>
    <REGION_CODE>3115</REGION_CODE>
  </ds>
  <ds>
    <ID>191</ID>
    <COUNTRY_NAME>港沿镇</COUNTRY_NAME>
    <CODE>313008</CODE>
    <REGION_NAME>崇明县</REGION_NAME>
    <REGION_CODE>3130</REGION_CODE>
  </ds>
  <ds>
    <ID>192</ID>
    <COUNTRY_NAME>港西镇</COUNTRY_NAME>
    <CODE>313012</CODE>
    <REGION_NAME>崇明县</REGION_NAME>
    <REGION_CODE>3130</REGION_CODE>
  </ds>
  <ds>
    <ID>193</ID>
    <COUNTRY_NAME>甘泉路街道</COUNTRY_NAME>
    <CODE>310704</CODE>
    <REGION_NAME>普陀区</REGION_NAME>
    <REGION_CODE>3107</REGION_CODE>
  </ds>
  <ds>
    <ID>194</ID>
    <COUNTRY_NAME>奉浦社区</COUNTRY_NAME>
    <CODE>312009</CODE>
    <REGION_NAME>奉贤区</REGION_NAME>
    <REGION_CODE>3120</REGION_CODE>
  </ds>
  <ds>
    <ID>195</ID>
    <COUNTRY_NAME>奉城镇</COUNTRY_NAME>
    <CODE>312002</CODE>
    <REGION_NAME>奉贤区</REGION_NAME>
    <REGION_CODE>3120</REGION_CODE>
  </ds>
  <ds>
    <ID>196</ID>
    <COUNTRY_NAME>枫泾镇</COUNTRY_NAME>
    <CODE>311603</CODE>
    <REGION_NAME>金山区</REGION_NAME>
    <REGION_CODE>3116</REGION_CODE>
  </ds>
  <ds>
    <ID>197</ID>
    <COUNTRY_NAME>枫林路街道</COUNTRY_NAME>
    <CODE>310404</CODE>
    <REGION_NAME>徐汇区</REGION_NAME>
    <REGION_CODE>3104</REGION_CODE>
  </ds>
  <ds>
    <ID>198</ID>
    <COUNTRY_NAME>方松街道</COUNTRY_NAME>
    <CODE>311703</CODE>
    <REGION_NAME>松江区</REGION_NAME>
    <REGION_CODE>3117</REGION_CODE>
  </ds>
  <ds>
    <ID>199</ID>
    <COUNTRY_NAME>洞泾镇</COUNTRY_NAME>
    <CODE>311709</CODE>
    <REGION_NAME>松江区</REGION_NAME>
    <REGION_CODE>3117</REGION_CODE>
  </ds>
  <ds>
    <ID>200</ID>
    <COUNTRY_NAME>东平镇</COUNTRY_NAME>
    <CODE>313015</CODE>
    <REGION_NAME>崇明县</REGION_NAME>
    <REGION_CODE>3130</REGION_CODE>
  </ds>
  <ds>
    <ID>201</ID>
    <COUNTRY_NAME>东平农场</COUNTRY_NAME>
    <CODE>313020</CODE>
    <REGION_NAME>崇明县</REGION_NAME>
    <REGION_CODE>3130</REGION_CODE>
  </ds>
  <ds>
    <ID>202</ID>
    <COUNTRY_NAME>东明路街道</COUNTRY_NAME>
    <CODE>311511</CODE>
    <REGION_NAME>浦东新区</REGION_NAME>
    <REGION_CODE>3115</REGION_CODE>
  </ds>
  <ds>
    <ID>203</ID>
    <COUNTRY_NAME>东海农场</COUNTRY_NAME>
    <CODE>311538</CODE>
    <REGION_NAME>浦东新区</REGION_NAME>
    <REGION_CODE>3115</REGION_CODE>
  </ds>
  <ds>
    <ID>204</ID>
    <COUNTRY_NAME>定海路街道</COUNTRY_NAME>
    <CODE>311001</CODE>
    <REGION_NAME>杨浦区</REGION_NAME>
    <REGION_CODE>3110</REGION_CODE>
  </ds>
  <ds>
    <ID>205</ID>
    <COUNTRY_NAME>第二工业区</COUNTRY_NAME>
    <CODE>311612</CODE>
    <REGION_NAME>金山区</REGION_NAME>
    <REGION_CODE>3116</REGION_CODE>
  </ds>
  <ds>
    <ID>206</ID>
    <COUNTRY_NAME>大团镇</COUNTRY_NAME>
    <CODE>311527</CODE>
    <REGION_NAME>浦东新区</REGION_NAME>
    <REGION_CODE>3115</REGION_CODE>
  </ds>
  <ds>
    <ID>207</ID>
    <COUNTRY_NAME>大桥街道</COUNTRY_NAME>
    <CODE>311009</CODE>
    <REGION_NAME>杨浦区</REGION_NAME>
    <REGION_CODE>3110</REGION_CODE>
  </ds>
  <ds>
    <ID>208</ID>
    <COUNTRY_NAME>大宁路街道</COUNTRY_NAME>
    <CODE>310805</CODE>
    <REGION_NAME>闸北区</REGION_NAME>
    <REGION_CODE>3108</REGION_CODE>
  </ds>
  <ds>
    <ID>209</ID>
    <COUNTRY_NAME>大场镇</COUNTRY_NAME>
    <CODE>311305</CODE>
    <REGION_NAME>宝山区</REGION_NAME>
    <REGION_CODE>3113</REGION_CODE>
  </ds>
  <ds>
    <ID>210</ID>
    <COUNTRY_NAME>打浦桥街道</COUNTRY_NAME>
    <CODE>310109</CODE>
    <REGION_NAME>黄浦区</REGION_NAME>
    <REGION_CODE>3101</REGION_CODE>
  </ds>
  <ds>
    <ID>211</ID>
    <COUNTRY_NAME>川沙新镇</COUNTRY_NAME>
    <CODE>311513</CODE>
    <REGION_NAME>浦东新区</REGION_NAME>
    <REGION_CODE>3115</REGION_CODE>
  </ds>
  <ds>
    <ID>212</ID>
    <COUNTRY_NAME>出口加工区</COUNTRY_NAME>
    <CODE>311718</CODE>
    <REGION_NAME>松江区</REGION_NAME>
    <REGION_CODE>3117</REGION_CODE>
  </ds>
  <ds>
    <ID>213</ID>
    <COUNTRY_NAME>崇明县</COUNTRY_NAME>
    <CODE>313002</CODE>
    <REGION_NAME>崇明县</REGION_NAME>
    <REGION_CODE>3130</REGION_CODE>
  </ds>
  <ds>
    <ID>214</ID>
    <COUNTRY_NAME>程家桥街道</COUNTRY_NAME>
    <CODE>310508</CODE>
    <REGION_NAME>长宁区</REGION_NAME>
    <REGION_CODE>3105</REGION_CODE>
  </ds>
  <ds>
    <ID>215</ID>
    <COUNTRY_NAME>城桥镇</COUNTRY_NAME>
    <CODE>313001</CODE>
    <REGION_NAME>崇明县</REGION_NAME>
    <REGION_CODE>3130</REGION_CODE>
  </ds>
  <ds>
    <ID>216</ID>
    <COUNTRY_NAME>陈家镇</COUNTRY_NAME>
    <CODE>313010</CODE>
    <REGION_NAME>崇明县</REGION_NAME>
    <REGION_CODE>3130</REGION_CODE>
  </ds>
  <ds>
    <ID>217</ID>
    <COUNTRY_NAME>车墩镇</COUNTRY_NAME>
    <CODE>311707</CODE>
    <REGION_NAME>松江区</REGION_NAME>
    <REGION_CODE>3117</REGION_CODE>
  </ds>
  <ds>
    <ID>218</ID>
    <COUNTRY_NAME>朝阳农场</COUNTRY_NAME>
    <CODE>311539</CODE>
    <REGION_NAME>浦东新区</REGION_NAME>
    <REGION_CODE>3115</REGION_CODE>
  </ds>
  <ds>
    <ID>219</ID>
    <COUNTRY_NAME>长征镇</COUNTRY_NAME>
    <CODE>310708</CODE>
    <REGION_NAME>普陀区</REGION_NAME>
    <REGION_CODE>3107</REGION_CODE>
  </ds>
  <ds>
    <ID>220</ID>
    <COUNTRY_NAME>长兴镇</COUNTRY_NAME>
    <CODE>313016</CODE>
    <REGION_NAME>崇明县</REGION_NAME>
    <REGION_CODE>3130</REGION_CODE>
  </ds>
  <ds>
    <ID>221</ID>
    <COUNTRY_NAME>长寿路街道</COUNTRY_NAME>
    <CODE>310703</CODE>
    <REGION_NAME>普陀区</REGION_NAME>
    <REGION_CODE>3107</REGION_CODE>
  </ds>
  <ds>
    <ID>222</ID>
    <COUNTRY_NAME>长桥街道</COUNTRY_NAME>
    <CODE>310405</CODE>
    <REGION_NAME>徐汇区</REGION_NAME>
    <REGION_CODE>3104</REGION_CODE>
  </ds>
  <ds>
    <ID>223</ID>
    <COUNTRY_NAME>长风新村街道</COUNTRY_NAME>
    <CODE>310702</CODE>
    <REGION_NAME>普陀区</REGION_NAME>
    <REGION_CODE>3107</REGION_CODE>
  </ds>
  <ds>
    <ID>224</ID>
    <COUNTRY_NAME>长白新村街道</COUNTRY_NAME>
    <CODE>311006</CODE>
    <REGION_NAME>杨浦区</REGION_NAME>
    <REGION_CODE>3110</REGION_CODE>
  </ds>
  <ds>
    <ID>225</ID>
    <COUNTRY_NAME>曹杨新村街道</COUNTRY_NAME>
    <CODE>310701</CODE>
    <REGION_NAME>普陀区</REGION_NAME>
    <REGION_CODE>3107</REGION_CODE>
  </ds>
  <ds>
    <ID>226</ID>
    <COUNTRY_NAME>曹路镇</COUNTRY_NAME>
    <CODE>311518</CODE>
    <REGION_NAME>浦东新区</REGION_NAME>
    <REGION_CODE>3115</REGION_CODE>
  </ds>
  <ds>
    <ID>227</ID>
    <COUNTRY_NAME>曹家渡街道</COUNTRY_NAME>
    <CODE>310605</CODE>
    <REGION_NAME>静安区</REGION_NAME>
    <REGION_CODE>3106</REGION_CODE>
  </ds>
  <ds>
    <ID>228</ID>
    <COUNTRY_NAME>北站街道</COUNTRY_NAME>
    <CODE>310802</CODE>
    <REGION_NAME>闸北区</REGION_NAME>
    <REGION_CODE>3108</REGION_CODE>
  </ds>
  <ds>
    <ID>229</ID>
    <COUNTRY_NAME>北新泾街道</COUNTRY_NAME>
    <CODE>310509</CODE>
    <REGION_NAME>长宁区</REGION_NAME>
    <REGION_CODE>3105</REGION_CODE>
  </ds>
  <ds>
    <ID>230</ID>
    <COUNTRY_NAME>北蔡镇</COUNTRY_NAME>
    <CODE>311515</CODE>
    <REGION_NAME>浦东新区</REGION_NAME>
    <REGION_CODE>3115</REGION_CODE>
  </ds>
  <ds>
    <ID>231</ID>
    <COUNTRY_NAME>宝山路街道</COUNTRY_NAME>
    <CODE>310803</CODE>
    <REGION_NAME>闸北区</REGION_NAME>
    <REGION_CODE>3108</REGION_CODE>
  </ds>
  <ds>
    <ID>232</ID>
    <COUNTRY_NAME>宝山工业园区</COUNTRY_NAME>
    <CODE>311315</CODE>
    <REGION_NAME>宝山区</REGION_NAME>
    <REGION_CODE>3113</REGION_CODE>
  </ds>
  <ds>
    <ID>233</ID>
    <COUNTRY_NAME>宝山城市工业园区</COUNTRY_NAME>
    <CODE>311313</CODE>
    <REGION_NAME>宝山区</REGION_NAME>
    <REGION_CODE>3113</REGION_CODE>
  </ds>
  <ds>
    <ID>234</ID>
    <COUNTRY_NAME>堡镇</COUNTRY_NAME>
    <CODE>313022</CODE>
    <REGION_NAME>崇明县</REGION_NAME>
    <REGION_CODE>3130</REGION_CODE>
  </ds>
  <ds>
    <ID>235</ID>
    <COUNTRY_NAME>半淞园路街道</COUNTRY_NAME>
    <CODE>310104</CODE>
    <REGION_NAME>黄浦区</REGION_NAME>
    <REGION_CODE>3101</REGION_CODE>
  </ds>
  <ds>
    <ID>236</ID>
    <COUNTRY_NAME>白鹤镇</COUNTRY_NAME>
    <CODE>311811</CODE>
    <REGION_NAME>青浦区</REGION_NAME>
    <REGION_CODE>3118</REGION_CODE>
  </ds>
  <ds>
    <ID>237</ID>
    <COUNTRY_NAME>安亭镇</COUNTRY_NAME>
    <CODE>311406</CODE>
    <REGION_NAME>嘉定区</REGION_NAME>
    <REGION_CODE>3114</REGION_CODE>
  </ds>
		
	</XZQM>
</configuration>